FirstName,LastName,UserName,Password,UserLevel,NumberOfTimesLoggedIn,Darkmodesetting,Email
Example,Basic,ExampleBa,Password1,1,305,TRUE,examplebasic@gmail.com
Example,Management,ExampleMa,Password2,2,54,FALSE,examplemanagement@gmail.com
Example,Director,ExampleDi,Password3,3,171,TRUE,exampledirector@gmail.com
Tolu,Babatunde,ToluBa,NewPassword,2,2,FALSE,toluwanibabatunde8@gmail.com
Simon,Ireland,SimonIr,DuwxEtLz,3,0,FALSE,sireland@dartfordgrammarschool.org.uk
Riya,Nepal,RiyaNe,babumtushtush,3,2,TRUE,nepalriya3@gmail.com
School,Account,SchoolAc,H\TdffLS,2,0,FALSE,14koiralabir@dartfordgrammarschool.org.uk
Andres,Martinez,AndresMa,G^ENKPoR,3,0,FALSE,andres.m.ll2003@outlook.com
Birat,Koirala,BiratKo,Birat123,3,1,FALSE,koiralabirat@gmail.com
Beebek,Limbu,BeebekLi,cElPgmsC,2,0,FALSE,qlin219@gmail.com
Ann-Marie,Lartey,Ann-MarieLa,XkZViCU^,3,0,false,14larteyann@dartfordgrammarschool.org.uk
Mariam,Varghese,MariamVa,dXdQTQAA,3,1,false,mvarghese@dartfordgrammarschool.org.uk
Sam,Burdett,SamBu,ynoFuiYc,2,0,false,samburdett12@gmail.com
