Item,Cost of 1,Quantity,EmailOfVendor
Signs,1,6,null
Clothing-Racks,1,2,null
Hangers,1,37,null
Cash-Register,1,28,null
Pricing Gun,1,7,null
Bags,1,1,null
Display-Cases,1,22,null
Rotating Racks,1,6,null
Mirrors,1,9,null
Mannequins,1,7,null
Speciality-Displays,1,0,null
Giftwrapping-Supplies,1,4,null
Receipt-Printer,1,17,null
Shopping-Carts,1,5,null
Socks,3.00,0,sainsburys@gmail.com
Monitors,256.00,0,asda@gmail.co.uk
Keyboard,20.00,3,curryspc@gmail.com
Guitar,379.00,0,batonrouge@gmail.com
Ireland,2.99,6,dgs@gmail.com
Trolley,50.00,0,trolley@gmail.com
Earphones,15.00,0,example@email.com
Keyboard,5.00,3,contact@email.com

